country,date_posted,title,url,bdesc,crawl_time
Brazil,16 hours ago,RFQ for 130 Degree Rittal Cabinet Concealed Hinge Rittal TS Mild Steel Cabinet Hinge Partial Door Hinge,https://www.tradewheel.com/buyers/rfq-for-130-degree-rittal-cabinet-concealed-hinge/862407/,"Good afternoon, I 'd like to budget 500 units of this hinge. (TS028) the product should be free of stains. I have demand of 500 units per month of this product. What is the value of shipping? What is the delivery time? Address: 05114001 - São Paulo-B...",2025-08-15 11:50:05
Egypt,16 hours ago,Want to source Toothpicks,https://www.tradewheel.com/buyers/want-to-source-toothpicks/862406/,"Looking to import large volumes of machine-polished wooden toothpicks. Could you send details on length, thickness, and moisture content?",2025-08-15 11:50:05
Belgium,16 hours ago,Looking for Tracksuits,https://www.tradewheel.com/buyers/looking-for-tracksuits/862404/,"Our requirement is for durable, lightweight tracksuits suitable for gym and outdoor wear. Please share your material specs and sizing chart.",2025-08-15 11:50:05
Netherlands,16 hours ago,Interested in Wild Camera,https://www.tradewheel.com/buyers/interested-in-wild-camera/862401/,Seeking wildlife cameras with night vision and motion detection. What resolution and battery life can you provide? Share available models.,2025-08-15 11:50:05
India,16 hours ago,Would like to source Paraffin wax,https://www.tradewheel.com/buyers/would-like-to-source-paraffin-wax/862400/,I’m interested in paraffin wax with good melting stability and smooth texture for manufacturing use. Could you share packaging sizes and lead time for bulk orders?,2025-08-15 11:50:05
Brazil,16 hours ago,Want to source Photovoltaic inverter housing,https://www.tradewheel.com/buyers/want-to-source-photovoltaic-inverter-housing/862399/,"I’m sourcing housings for photovoltaic inverters, preferably in aluminum for better heat dissipation. Are weather-resistant coatings available? Please share options for bulk orders.",2025-08-15 11:50:05
Indonesia,16 hours ago,Looking to partner with Jersey's,https://www.tradewheel.com/buyers/looking-to-partner-with-jerseys/862398/,I am sourcing breathable sports jerseys in multiple colors and sizes for team use. Please share fabric details and customization options.,2025-08-15 11:50:05
Pakistan,16 hours ago,Interested in Hand crank stand,https://www.tradewheel.com/buyers/interested-in-hand-crank-stand/862397/,"Looking for a sturdy hand crank stand, ideally with adjustable height and steel construction. What is the maximum load capacity you can offer?",2025-08-15 11:50:05
Egypt,16 hours ago,Would like to buy Hair Dryers,https://www.tradewheel.com/buyers/would-like-to-buy-hair-dryers/862396/,Looking for hair dryers that combine strong airflow with energy efficiency. Do you have models that come with diffuser attachments?,2025-08-15 11:50:05
South Africa,16 hours ago,Interested in Copper and parts,https://www.tradewheel.com/buyers/interested-in-copper-and-parts/862395/,I’m sourcing copper sheets and related parts with high conductivity. Can you supply both pure and alloyed copper? Please send your specifications.,2025-08-15 11:50:05
Pakistan,16 hours ago,Need Perfumes for distribution,https://www.tradewheel.com/buyers/need-perfumes-for-distribution/862394/,"I’m currently checking the market for perfumes to add to a seasonal promotion. What fragrance blends do you offer, and can you provide small-batch production for testing before bulk orders?",2025-08-15 11:50:05
Albania,16 hours ago,Would like to import Event Stages,https://www.tradewheel.com/buyers/would-like-to-import-event-stages/862393/,We’re considering aluminum event stages for future concerts and exhibitions. Would like to know if your platforms can be customized with different panel finishes and edge protections.,2025-08-15 11:50:05
India,16 hours ago,Want to source Chemicals,https://www.tradewheel.com/buyers/want-to-source-chemicals/862392/,I’m sourcing polymers made from adipic acid along with industrial-grade polyacrylamide. Can you share details on purity and available packaging? Please confirm your lead time for bulk supply.,2025-08-15 11:50:05
Greece,16 hours ago,Looking for Fresh Olives,https://www.tradewheel.com/buyers/looking-for-fresh-olives/862390/,"I’m sourcing fresh or preserved olives with consistent quality and taste. What varieties and packaging sizes do you offer? Also, share your standard export timeline.",2025-08-15 11:50:05
Pakistan,16 hours ago,Bulk Order for Customized Color Mirror Acrylic Sheet,https://www.tradewheel.com/buyers/bulk-order-for-customized-color-mirror-acrylic-sheet/862389/,We are looking for a supplier of Customized Color Mirror Acrylic Sheet to order in bulk. I'm interested in your products. Can you get in touch with me?,2025-08-15 11:50:05
India,16 hours ago,Need Stage LED Lights for distribution,https://www.tradewheel.com/buyers/need-stage-led-lights-for-distribution/862382/,We’re sourcing stage LED lights with adjustable brightness and multiple colors. What wattage and beam angles do you offer? Kindly confirm your standard lead time.,2025-08-15 11:50:05
Sri Lanka,16 hours ago,Searching for suppliers of Cargo Jeans,https://www.tradewheel.com/buyers/searching-for-suppliers-of-cargo-jeans/862381/,I require men’s cargo jeans in dark blue denim with multiple pockets. Do you have options in different waist sizes? Please confirm your available stock.,2025-08-15 11:50:05
Algeria,16 hours ago,Bulk Purchase Inquiry for Faucets,https://www.tradewheel.com/buyers/bulk-purchase-inquiry-for-faucets/862379/,"Hello, is there any supplier of faucets with strong corrosion resistance and smooth operation? I’d like to know about design options and shipment lead times.",2025-08-15 11:50:05
Georgia,16 hours ago,Interested in Floors,https://www.tradewheel.com/buyers/interested-in-floors/862376/,"Hello, are there providers of modular dance floors or stages with quick setup systems? Interested in material quality and load capacity.",2025-08-15 11:50:05
Belgium,16 hours ago,Planning to buy wood pellets,https://www.tradewheel.com/buyers/planning-to-buy-wood-pellets/862375/,"Good day, We are interested in buying wood pellets. The pellets must be high quality, low moisture and energy-efficient. Thank you.",2025-08-15 11:50:05
France,16 hours ago,Seeking high quality bathtubs,https://www.tradewheel.com/buyers/seeking-high-quality-bathtubs/862372/,"Good day, We are currently sourcing bathtubs in different styles and sizes. The bathtubs must be made of durable materials like acrylic or cast iron.",2025-08-15 11:50:05
Philippines,16 hours ago,In Search Of Motorcycle Tyres,https://www.tradewheel.com/buyers/in-search-of-motorcycle-tyres/862370/,"Good day, We are sourcing motorcycle tyres in bulk. The tyres must be durable, skid-resistant and suitable for different road conditions. Thank you.",2025-08-15 11:50:05
Yemen,16 hours ago,Want to source Basins and Bathroom Mirrors,https://www.tradewheel.com/buyers/want-to-source-basins-and-bathroom-mirrors/862368/,I’m sourcing ceramic basins in glossy white along with LED bathroom mirrors featuring anti-fog and round design. Could you share the available sizes for both items and let me know the usual delivery time?,2025-08-15 11:50:05
India,16 hours ago,Bulk purchase inquiry for Garments,https://www.tradewheel.com/buyers/bulk-purchase-inquiry-for-garments/862367/,"We need garments in mixed fabrics with good stitching quality. Could you share available sizes and seasonal designs? Also, what is your shipping time?",2025-08-15 11:50:05
Zimbabwe,16 hours ago,Would like to import CNC Cutting Tools,https://www.tradewheel.com/buyers/would-like-to-import-cnc-cutting-tools/862366/,"Good day seller, I need CNC cutting tools made from carbide material for precision metalwork. Can you share the available sizes and estimated delivery time?",2025-08-15 11:50:05
Spain,16 hours ago,Planning to buy wrapping machines,https://www.tradewheel.com/buyers/planning-to-buy-wrapping-machines/862364/,"Good day, We are interested in buying wrapping machines. The machines must provide efficient and reliable wrapping for different materials.",2025-08-15 11:50:05
South Korea,16 hours ago,Bulk purchase inquiry for Helmets,https://www.tradewheel.com/buyers/bulk-purchase-inquiry-for-helmets/862363/,I require smart helmets for kids with adjustable straps and safety lights. Could you share details on battery life and shipping time?,2025-08-15 11:50:05
India,16 hours ago,Interested in Brass Tube Quick Connectors,https://www.tradewheel.com/buyers/interested-in-brass-tube-quick-connectors/862360/,"Hi, are there suppliers of brass tube quick connectors for plumbing or mechanical applications? Interested in durable materials and bulk purchase possibilities.",2025-08-15 11:50:05
Iran,16 hours ago,Require Memory Foam Mattresses,https://www.tradewheel.com/buyers/require-memory-foam-mattresses/862359/,"Hello, We are looking to source memory foam mattresses. The mattresses must provide comfort, durability and ergonomic support.",2025-08-15 11:50:05
Indonesia,16 hours ago,In search of electric wheelchairs,https://www.tradewheel.com/buyers/in-search-of-electric-wheelchairs/862358/,"Greetings, We are currently sourcing electric wheelchairs. We require wheelchairs with features such as anti-tip wheels and reliable brakes. Thank you.",2025-08-15 11:50:05
Kazakhstan,16 hours ago,Importing Aluminum- need quotes,https://www.tradewheel.com/buyers/importing-aluminum-need-quotes/862355/,I need aluminum slugs in round shape with smooth surface finish for manufacturing use. Please confirm available diameters and weight per piece. What is your usual delivery time for bulk orders?,2025-08-15 11:50:05
Slovenia,16 hours ago,Require Regular Supply of Auto Headlamps,https://www.tradewheel.com/buyers/require-regular-supply-of-auto-headlamps/862354/,"Dear Sir, I would like to purchase high quality auto headlamps. The lamps should provide excellent brightness, durability and long service life.",2025-08-15 11:50:05
Pakistan,16 hours ago,Want to source Yarn,https://www.tradewheel.com/buyers/want-to-source-yarn/862353/,"I need color yarn in bright red and blue shades, suitable for knitting. Please let me know the yarn thickness and your minimum order quantity.",2025-08-15 11:50:05
India,16 hours ago,Would like to buy Pumps,https://www.tradewheel.com/buyers/would-like-to-buy-pumps/862352/,"I require a float pump suitable for water tanks, preferably in stainless steel body. Can you confirm the power capacity and lead time for supply?",2025-08-15 11:50:05
Nigeria,16 hours ago,Want to source Undergarments,https://www.tradewheel.com/buyers/want-to-source-undergarments/862351/,I need women’s undergarments in soft cotton or breathable fabric with various color options. Please provide your available designs and packaging details. How soon can you dispatch after order confirmation?,2025-08-15 11:50:05
Indonesia,16 hours ago,Interested in Sportswear,https://www.tradewheel.com/buyers/interested-in-sportswear/862350/,I am looking for swimwear and sportswear made from quick-dry fabric with good stretch. Kindly share the styles and available size range. What is your standard delivery time for bulk orders?,2025-08-15 11:50:05
Nigeria,16 hours ago,Urgently Need Solar Batteries,https://www.tradewheel.com/buyers/urgently-need-solar-batteries/862348/,"Hello, We are currently seeking solar batteries. The batteries should be durable, long-lasting and capable of deep cycle performance. Kind Regards.",2025-08-15 11:50:05
Thailand,16 hours ago,Seeking High Quality Bean Grinders,https://www.tradewheel.com/buyers/seeking-high-quality-bean-grinders/862347/,"Hello, We are looking to purchase bean grinders. The grinders must deliver consistent performance and high grinding efficiency.",2025-08-15 11:50:05
Vietnam,16 hours ago,In Search of vacuum flasks,https://www.tradewheel.com/buyers/in-search-of-vacuum-flasks/862345/,"Good day, We are sourcing premium vacuum flasks. Kindly provide your product specifications, certifications and best price offers.",2025-08-15 11:50:05
India,17 hours ago,In search of ultrasonic teeth cleaners,https://www.tradewheel.com/buyers/in-search-of-ultrasonic-teeth-cleaners/862341/,"Hi there, We are looking to purchase ultrasonic teeth cleaners. Please provide us with your product details along with pricing. Thank you.",2025-08-15 11:50:05
Nigeria,17 hours ago,Searching For Olive Oil,https://www.tradewheel.com/buyers/searching-for-olive-oil/862340/,Hi we are looking for Olive Oil we need prices for 10MT please share details with us Thank you,2025-08-15 11:50:05
Albania,17 hours ago,Urgent Requirement Of Coating Line,https://www.tradewheel.com/buyers/urgent-requirement-of-coating-line/862337/,"Hello, We are sourcing coating line equipment. The equipment must comply with international safety and performance standards.",2025-08-15 11:50:05
Ukraine,17 hours ago,Seeking High Quality Rewinders,https://www.tradewheel.com/buyers/seeking-high-quality-rewinders/862336/,"Good day, We are looking to purchase rewinder machines. Please provide us with detailed specifications along with pricing. Thank you.",2025-08-15 11:50:05
Bangladesh,17 hours ago,Planning to Buy Slitters,https://www.tradewheel.com/buyers/planning-to-buy-slitters/862333/,"Hello, We would like to purchase industrial slitters. The machines should ensure precise cutting with high-speed performance. Kind Regards.",2025-08-15 11:50:05
India,17 hours ago,Customizable Round Fisheye Oval Frog Eye Lens Tap Acrylic Beer Tap OEM,https://www.tradewheel.com/buyers/customizable-round-fisheye-oval-frog-eye-lens-tap/862330/,"Hi, I'm interested in this product. Product name:custom 40-160X Acrylic aspheric surface Lens Pocket Microscope Material:PMMA,acrylic&PC, PMMA&pc Color:Clear",2025-08-15 11:50:05
Singapore,17 hours ago,Requirement For Antimony,https://www.tradewheel.com/buyers/requirement-for-antimony/862325/,Hello We are looking for Antimony We need about 20 tons Please share your good prices Thank you,2025-08-15 11:50:05
South Africa,17 hours ago,In Search Of Car Headlights,https://www.tradewheel.com/buyers/in-search-of-car-headlights/862324/,"Hello, We are currently sourcing car headlights. Please send your product details, certifications along with bulk pricing.",2025-08-15 11:50:05
Singapore,17 hours ago,Want To Source HDPE Pipes,https://www.tradewheel.com/buyers/want-to-source-hdpe-pipes/862313/,"Good day, We are currently sourcing HDPE pipes. The pipes must be corrosion-resistant and suitable for underground installation. Thank you.",2025-08-15 11:50:05
South Africa,18 hours ago,Would Like To Buy Airless Bottles,https://www.tradewheel.com/buyers/would-like-to-buy-airless-bottles/862311/,"Good day, We are sourcing airless bottles for cosmetic and skincare packaging. The bottles should be available in different sizes and materials. Thank you.",2025-08-15 11:50:05
Cambodia,18 hours ago,Looking For Oil Casing,https://www.tradewheel.com/buyers/looking-for-oil-casing/862310/,"Hello, We are interested in purchasing oil casing pipes. The product should be available in different sizes and grades for various applications.",2025-08-15 11:50:05
Bahrain,18 hours ago,Want to source stainless steel pipe fittings,https://www.tradewheel.com/buyers/want-to-source-stainless-steel-pipe-fittings/862309/,"Hello, We would like to purchase stainless steel pipe fittings. Could you provide us with availability along with pricing? Kind Regards.",2025-08-15 11:50:05
Philippines,19 hours ago,RFQ for plastic household products,https://www.tradewheel.com/buyers/rfq-for-plastic-household-products/862281/,"We came across your profile and understand that you are manufacturers of plastic household products. We are a trading company based in Manila, Philippines, and are currently looking for a reliable partner who can develop a prototype for our newly des...",2025-08-15 11:50:05
France,19 hours ago,RFQ for Low Pressure Forward Curved Centrifugal Blower Fan,https://www.tradewheel.com/buyers/rfq-for-low-pressure-forward-curved-centrifugal-blower/862278/,"We are looking to purchase blowers for our business needs. We require new blowers suitable for various industries including construction, manufacturing plants, farms, printing shops, and restaurants. Product specifications: Condition: New...",2025-08-15 11:50:05
Philippines,20 hours ago,Looking for Electrical Panel,https://www.tradewheel.com/buyers/looking-for-electrical-panel/862273/,"Hello, I am looking for Electrical Panels, I want to know the prices according to your MOQ. Kindly let me know the prices along with the complete details. Thank you.",2025-08-15 11:50:05
Angola,21 hours ago,Looking for Rice,https://www.tradewheel.com/buyers/looking-for-rice/862259/,"Hello, I am looking for Rice around 27 Metric Tons. Kindly let me know the prices along with the details. Thank you.",2025-08-15 11:50:05
India,21 hours ago,I want to inquire about oil seal,https://www.tradewheel.com/buyers/i-want-to-inquire-about-oil-seal/862256/,"Hello Dear I hope you are doing great, we are looking for oil seal. Kindly share with us the best pricing. quantity 1000 units",2025-08-15 11:50:05
Hong Kong,22 hours ago,Looking for Solar Panel,https://www.tradewheel.com/buyers/looking-for-solar-panel/862251/,Hello i am looking for Need a container 20 ft for Solar Panel. My delivery location is Pakistan. Kindly let me about the prices.,2025-08-15 11:50:05
Malaysia,22 hours ago,Interested In Copper Cathode,https://www.tradewheel.com/buyers/interested-in-copper-cathode/862248/,"Hi we are looking for Copper Cathode we need 10,000 MT per month × 12 months (with rolls and extension) Please share your product details Thank you",2025-08-15 11:50:05
Republic of Türkiye,22 hours ago,Looking for a Supplier of Acrylic Sheets,https://www.tradewheel.com/buyers/looking-for-a-supplier-of-acrylic-sheets/862246/,We are looking for 8mm clear acrylic sheet custom cutting about 2000 units. Can you quote me?,2025-08-15 11:50:05
Malaysia,22 hours ago,Searching for Palm oil,https://www.tradewheel.com/buyers/searching-for-palm-oil/862236/,"Hello i am looking for Palm oil Monthly 10,000 MT. My delivery location is Malaysia. Kindly let me about the prices.",2025-08-15 11:50:05
Vietnam,23 hours ago,Looking for Ginger,https://www.tradewheel.com/buyers/looking-for-ginger/862224/,Hello i am looking for Ginger 1 container 40RF size 100g. My delivery location is POD : Hai Phong Port. Kindly let me about the prices.,2025-08-15 11:50:05
Russia,23 hours ago,Would Like To Buy Makeup Accessories,https://www.tradewheel.com/buyers/would-like-to-buy-makeup-accessories/862221/,"Hi there, We are looking to source a variety of makeup accessories. Kindly share your products list, lead times and customization options.",2025-08-15 11:50:05
United Arab Emirates,23 hours ago,Looking For Graphite Products,https://www.tradewheel.com/buyers/looking-for-graphite-products/862220/,"Good day, We are sourcing high-grade graphite products. The products should have high thermal conductivity and durability. Thank you.",2025-08-15 11:50:05
Sri Lanka,23 hours ago,Interested In Supermarket Shelves,https://www.tradewheel.com/buyers/interested-in-supermarket-shelves/862218/,"Greetings, We would like to purchase durable supermarket shelves. The shelves should be strong, adjustable and easy to assemble. Kind Regards.",2025-08-15 11:50:05
Rwanda,23 hours ago,Looking For Deodorants,https://www.tradewheel.com/buyers/looking-for-deodorants/862217/,"Hello, We are looking to purchase deodorants. Kindly provide us with your MOQ, product details and payment terms.",2025-08-15 11:50:05
India,23 hours ago,Interested In Electric Screwdrivers,https://www.tradewheel.com/buyers/interested-in-electric-screwdrivers/862215/,"Good day, We are looking to procure electric screwdrivers. We are mainly looking for screwdrivers with multiple speed settings & rechargeable batteries.",2025-08-15 11:50:05
Italy,1 day ago,Want To Source Face Masks,https://www.tradewheel.com/buyers/want-to-source-face-masks/862214/,"Hello, We are sourcing high-quality face masks. Kindly send your product specifications, certifications, and lead times.",2025-08-15 11:50:05
Brazil,1 day ago,Looking For Shoe Care Kit,https://www.tradewheel.com/buyers/looking-for-shoe-care-kit/862212/,"Hello, We are looking to purchase premium shoe care kits. The kits should include brushes, polish, cleaning cloths and protective sprays.",2025-08-15 11:50:05
Botswana,1 day ago,Looking For Animal Hides,https://www.tradewheel.com/buyers/looking-for-animal-hides/862209/,"Greetings, We are currently sourcing raw animal hides. Please provide us with your pricing, available grades and lead times. Kind Regards.",2025-08-15 11:50:05
Pakistan,1 day ago,Interested In Facial Steamers,https://www.tradewheel.com/buyers/interested-in-facial-steamers/862208/,"Greetings, We are looking to purchase facial steamers for salon use. The steamers should be energy-efficient and deliver consistent steam output.",2025-08-15 11:50:05
Argentina,1 day ago,Interested In Tool Sets,https://www.tradewheel.com/buyers/interested-in-tool-sets/862204/,"Hello, We are sourcing high-quality tool sets. The sets should include tools such as wrenches, screwdrivers, plier & sockets.",2025-08-15 11:50:05
Latvia,1 day ago,Looking For Polyester Yarn,https://www.tradewheel.com/buyers/looking-for-polyester-yarn/862203/,"Hi there, We are looking to purchase high-quality polyester yarn. Please send us your product details, pricing and shipping options.",2025-08-15 11:50:05
India,1 day ago,Want To Source Sunflower Oil,https://www.tradewheel.com/buyers/want-to-source-sunflower-oil/862202/,"Good day, We are interested in sourcing refined sunflower oil. The oil must be 100% pure, fresh, and meet international food standards.",2025-08-15 11:50:05
Indonesia,1 day ago,Looking For Peanut Butter,https://www.tradewheel.com/buyers/looking-for-peanut-butter/862201/,"Hello, We are sourcing high-quality peanut butter. The products must be made from premium roasted peanuts without harmful additives.",2025-08-15 11:50:05
India,1 day ago,Looking For Chainlink Fence,https://www.tradewheel.com/buyers/looking-for-chainlink-fence/862200/,"Hello, We are currently seeking chainlink fencing. The material must meet high strength and corrosion resistance standards. Thank you.",2025-08-15 11:50:05
Peru,1 day ago,Interested In Facial Cleansers,https://www.tradewheel.com/buyers/interested-in-facial-cleansers/862199/,"Good day, We are looking to purchase premium-quality facial cleansers. The products must be dermatologically tested and suitable for all skin types.",2025-08-15 11:50:05
Bahrain,1 day ago,Looking For Camera Accessories,https://www.tradewheel.com/buyers/looking-for-camera-accessories/862198/,"Hello, We are sourcing high-quality camera accessories. The range should include tripods, lens filters and cleaning kits. Kind Regards.",2025-08-15 11:50:05
Canada,1 day ago,Interested In Copper,https://www.tradewheel.com/buyers/interested-in-copper/862197/,Hi we are looking for Copper in Canada we would like to know the prices of 1 container full of 40ft Please share your good company profile Thank you,2025-08-15 11:50:05
Belgium,1 day ago,Interested In Vapes,https://www.tradewheel.com/buyers/interested-in-vapes/862194/,"Good day, We are currently looking to purchase vapes. Please provide us with competitive pricing and flexible order quantities.",2025-08-15 11:50:05
Mauritania,1 day ago,Interested In A4 Copy Paper,https://www.tradewheel.com/buyers/interested-in-a4-copy-paper/862192/,"Good day, We are looking to purchase premium A4 copy paper. The paper must have a smooth finish, bright whiteness and a standard GSM of 70-80.",2025-08-15 11:50:05
United Arab Emirates,1 day ago,Looking For Energy Drinks,https://www.tradewheel.com/buyers/looking-for-energy-drinks/862188/,"Hello, We would like to purchase energy drinks. Could you provide us with availability along with pricing? Kind Regards.",2025-08-15 11:50:05
Switzerland,1 day ago,Looking for e bike,https://www.tradewheel.com/buyers/looking-for-e-bike/862153/,"My name is Cynthia Okoro, I live in Switzerland but I have e bike shop in Nigeria. Please do you ship to Nigeria",2025-08-15 11:50:05
Nigeria,1 day ago,Need Cocoa Bean urgently,https://www.tradewheel.com/buyers/need-cocoa-bean-urgently/862124/,Need premium quality cocoa beans urgently. Looking for dependable suppliers with ready stock.,2025-08-15 11:50:05
USA,1 day ago,Would like to import Ride On Car,https://www.tradewheel.com/buyers/would-like-to-import-ride-on-car/862125/,We would like to import children’s ride-on cars. Seeking trusted exporters with competitive offers.,2025-08-15 11:50:05
India,1 day ago,Would like to buy Wood Working Machine Spares and Tools,https://www.tradewheel.com/buyers/would-like-to-buy-wood-working-machine-spares/862127/,Would like to buy woodworking machine spares and tools in bulk. Reliable quality and timely delivery needed.,2025-08-15 11:50:05
USA,1 day ago,Interested in Copper Scrap,https://www.tradewheel.com/buyers/interested-in-copper-scrap/862128/,We are interested in buying copper scrap for immediate shipment. Only verified suppliers are welcome.,2025-08-15 11:50:05
Romania,1 day ago,Looking for Vape,https://www.tradewheel.com/buyers/looking-for-vape/862129/,Currently sourcing branded vape products. Interested suppliers are requested to provide quotations.,2025-08-15 11:50:05
Republic of Türkiye,1 day ago,Rush order for Essential Oil – Contact ASAP,https://www.tradewheel.com/buyers/rush-order-for-essential-oil-contact-asap/862131/,Rush order required for natural essential oils. Genuine suppliers contact us immediately.,2025-08-15 11:50:05
Canada,1 day ago,Ready to place order for Red Lentils,https://www.tradewheel.com/buyers/ready-to-place-order-for-red-lentils/862134/,We are ready to place an order for premium red lentils. Suppliers with stock on hand please connect.,2025-08-15 11:50:05
Mozambique,1 day ago,Immediate purchase – A4 Paper,https://www.tradewheel.com/buyers/immediate-purchase-a4-paper/862135/,Immediate purchase required for A4 paper in bulk. Looking for competitive rates and fast delivery.,2025-08-15 11:50:05
Senegal,1 day ago,Urgent requirement of Sugar,https://www.tradewheel.com/buyers/urgent-requirement-of-sugar/862136/,We have an urgent requirement for high-quality sugar. Reliable suppliers kindly share offers at the earliest.,2025-08-15 11:50:05
India,1 day ago,Details For  Antimony Ore,https://www.tradewheel.com/buyers/details-for-antimony-ore/862138/,We are looking for suppliers for Antimony Ore,2025-08-15 11:50:05
United Kingdom,1 day ago,Need Bulk suppliers for copper,https://www.tradewheel.com/buyers/need-bulk-suppliers-for-copper/862139/,We are here looking to make an order for copper.,2025-08-15 11:50:05
Guyana,1 day ago,Intending To Make an order For Sunflower Oil,https://www.tradewheel.com/buyers/intending-to-make-an-order-for-sunflower-oil/862141/,We are looking to make an order for Sunflower Oil,2025-08-15 11:50:05
Switzerland,1 day ago,Quotation For Used Cloths,https://www.tradewheel.com/buyers/quotation-for-used-cloths/862143/,We need suppliers for Used Cloths Need verified suppliers only,2025-08-15 11:50:05
Sweden,1 day ago,Procuring Crude Oil with private labelling,https://www.tradewheel.com/buyers/procuring-crude-oil-with-private-labelling/862146/,"Hi there, I am seeking to buy Crude Oil. Let me know the prices and details.",2025-08-15 11:50:05
Republic of Türkiye,1 day ago,Eager to buy Toothpaste,https://www.tradewheel.com/buyers/eager-to-buy-toothpaste/862148/,"Hey friend, I have requirement for buying Toothpaste. Send the catalogue and price list.",2025-08-15 11:50:05
United Kingdom,1 day ago,Honing machines needed for industrial use,https://www.tradewheel.com/buyers/honing-machines-needed-for-industrial-use/862150/,"Hello, I am importing Honing machines. Need quotes and details.",2025-08-15 11:50:05
USA,1 day ago,Would like to buy Sanitary Napkins,https://www.tradewheel.com/buyers/would-like-to-buy-sanitary-napkins/862151/,"Hey friend, I am intending to purchase Sanitary Napkins. Share the prices and other details.",2025-08-15 11:50:05
United Kingdom,1 day ago,Require coffee for OEM,https://www.tradewheel.com/buyers/require-coffee-for-oem/862152/,"Hello, We are very interested in sourcing high-quality Thai coffee for private label or wholesale supply, and we’re currently exploring potential supplier partnerships. Ideally, we are looking for: Roasted or green beans suitable for retail ...",2025-08-15 11:50:05
Germany,1 day ago,Planning to Buy Disposable Vapes,https://www.tradewheel.com/buyers/planning-to-buy-disposable-vapes/862154/,keen to purchase Vozol China Wholesale Factory Vape we need price and details Thank you!,2025-08-15 11:50:05
USA,1 day ago,Urgently Need Horse meat,https://www.tradewheel.com/buyers/urgently-need-horse-meat/862155/,I am Cody. I want to purchase some horsemeat for my family! if you have kindly share price and details Thank you!,2025-08-15 11:50:05
USA,1 day ago,Want to Procuring mung bean & red bean,https://www.tradewheel.com/buyers/want-to-procuring-mung-bean-red-bean/862156/,"Willing to procure mung bean & red bean from U.S. origin. The minimum volume will be at least a container load, equivalent to 25 metric tons. Looking for quality and a competitive price, if possible.",2025-08-15 11:50:05
Egypt,1 day ago,Looking for Importing Aluminum alloys,https://www.tradewheel.com/buyers/looking-for-importing-aluminum-alloys/862157/,"in your quotation: 1. Types of Aluminum Alloys (including Pure Aluminum): A list of all available aluminum alloy types, in addition to pure aluminum, specifying the technical characteristics of each type (e.g., chemical composition, mechanical pr...",2025-08-15 11:50:05
Mexico,1 day ago,Require High Quality Canned Pineapples,https://www.tradewheel.com/buyers/require-high-quality-canned-pineapples/862163/,"Hi!!, I’m Daniel and I’m interested in buying pineapples from you and would like to ask you some questions, hope we’ll contact us soon please share your price and details Thank you!",2025-08-15 11:50:05
United Kingdom,1 day ago,Need to purchase Vape and electronics cigarettes,https://www.tradewheel.com/buyers/need-to-purchase-vape-and-electronics-cigarettes/862164/,Hello Need to purchase JNR Wolf Niplo 10000 Puffs Wholesale Vape 0% 2% 5% Levels For Puffs JNR Enthusiasts In The JNR Vape Pakistan Market kindly let me know the price and details Thank you!,2025-08-15 11:50:05
Georgia,1 day ago,RFQ for  Korean fillers,https://www.tradewheel.com/buyers/rfq-for-korean-fillers/862106/,"i am from a distribution company of Viva pharmaceutical, we are just finishing relationships with our partners and looking for new ones. We are located in Georgia Tbilisi and right now we are interested in Korean fillers. I am interested in low price...",2025-08-15 11:50:05
India,1 day ago,Looking for Moringa Powder,https://www.tradewheel.com/buyers/looking-for-moringa-powder/862088/,"Hello, I need MORINGA POWDER, MOQ is 50kg",2025-08-15 11:50:05
Egypt,1 day ago,"RFQ for magnesium oxide light,pharma grade,99%",https://www.tradewheel.com/buyers/rfq-for-magnesium-oxide-lightpharma-grade99/862081/,"Dear sir,, Kindly send your best quote for : Magnesium Oxide Light (ip)"" Quantity : 500 Kg Purity : 99% Packing : 25 Kg / bag CIF Alexandria port , Egypt Also can you send the COA .",2025-08-15 11:50:05
Kenya,1 day ago,Looking for Peanuts,https://www.tradewheel.com/buyers/looking-for-peanuts/862076/,"Hello, I need Peanut, MOQ is 10ton",2025-08-15 11:50:05
India,1 day ago,Looking for Vape,https://www.tradewheel.com/buyers/looking-for-vape/862074/,"Hello, I need Vape, Send Samples",2025-08-15 11:50:05
France,1 day ago,RFQ for corrugated catalyst,https://www.tradewheel.com/buyers/rfq-for-corrugated-catalyst/862073/,"CATALYST FROM PRODUCERS ONLY Supply in Casablanca of vanadium catalyst type XLP220 or 04-110 or standard catalyst SHAPE AND DIMENSIONS 1) Type: 04-110 or equivalent Installation: 1st, 2ND, 3rd, and 4th beds Inner diameter: 3.8 mm Outer diameter...",2025-08-15 11:50:05
France,1 day ago,RFQ for Designer Fashion Gold Plated Jewelry,https://www.tradewheel.com/buyers/rfq-for-designer-fashion-gold-plated-jewelry/862071/,"Hello, I am interested in your hypoallergenic stainless steel jewelry (necklaces, bracelets, rings, earrings). Before any order, I must make sure that your products comply with European regulations. Please send me the following documents for the p...",2025-08-15 11:50:05
Spain,1 day ago,Interested In Water Bottles,https://www.tradewheel.com/buyers/interested-in-water-bottles/862051/,"Hi there, I would like to purchase water bottles. The bottles should be leak-proof, durable and available in various sizes.",2025-08-15 11:50:05
Jordan,1 day ago,Interested In Milk Powder,https://www.tradewheel.com/buyers/interested-in-milk-powder/862049/,"Good day, We are looking to purchase milk powder. Please provide us with product details, shelf life, and minimum order quantities.",2025-08-15 11:50:05
India,1 day ago,Requirement For Used Drained Battery Scrap,https://www.tradewheel.com/buyers/requirement-for-used-drained-battery-scrap/862046/,Hi we are looking for Battery Scrap in India Our requirement is 1000MT please share your good prices with us Thank you,2025-08-15 11:50:05
Malaysia,1 day ago,Searching For Vanilla Beans,https://www.tradewheel.com/buyers/searching-for-vanilla-beans/862045/,"Greetings, We would like to purchase vanilla beans. Could you provide us with availability along with pricing? Kind Regards.",2025-08-15 11:50:05
Lebanon,1 day ago,Interested in Winter Strollers,https://www.tradewheel.com/buyers/interested-in-winter-strollers/862044/,"I need winter shawls in stroller style, preferably in soft wool or blended fabric for bulk purchase. Please share available colors and designs suitable for winter wear. What is your usual delivery time for large orders?",2025-08-15 11:50:05
Singapore,1 day ago,Looking For Sour Mustard Greens,https://www.tradewheel.com/buyers/looking-for-sour-mustard-greens/862043/,"Good day, We are looking to buy sour mustard greens. Please provide us with your product details along with pricing. Thank you.",2025-08-15 11:50:05
Nicaragua,1 day ago,Want To Source Agricultural Products,https://www.tradewheel.com/buyers/want-to-source-agricultural-products/862040/,"Hello, We are sourcing a wide range of agricultural products. The products must meet international food quality standards & be free from chemical contamination.",2025-08-15 11:50:05
India,1 day ago,Looking For Biomass Briquette Machines,https://www.tradewheel.com/buyers/looking-for-biomass-briquette-machines/862038/,"Hello, We are in need of biomass briquette machines. The machines should have a high output capacity and low power consumption.",2025-08-15 11:50:05
Kenya,1 day ago,Interested In Sunflower Seeds,https://www.tradewheel.com/buyers/interested-in-sunflower-seeds/862036/,"Hello, We are in need of raw sunflower seeds. Interested suppliers should provide quality certifications and competitive pricing.",2025-08-15 11:50:05
Iraq,1 day ago,Looking for Cocopeat,https://www.tradewheel.com/buyers/looking-for-cocopeat/862035/,"Hello, I am looking for Cocopeat around 2 Containers of 40ft first. Kindly let me know the prices along with the details. Thank you.",2025-08-15 11:50:05
Vietnam,1 day ago,Looking For Instant Rice,https://www.tradewheel.com/buyers/looking-for-instant-rice/862034/,"Good day, We are looking to purchase instant rice. The rice should be quick-cooking and must retain its natural flavor and texture. Kind Regards.",2025-08-15 11:50:05
India,1 day ago,Searching For Solar Fruit Dehydrator,https://www.tradewheel.com/buyers/searching-for-solar-fruit-dehydrator/862033/,Hello We are looking for Solar Fruit Dehydrator We would like to know the details of your products we will buy 1 to check the quality of it Please share your good prices Thank you,2025-08-15 11:50:05
South Africa,1 day ago,Want to source Industrial Refrigerators,https://www.tradewheel.com/buyers/want-to-source-industrial-refrigerators/862031/,I am looking for an industrial refrigerator with stainless steel body and large storage capacity. Can you share temperature range and cooling system details? How soon can you arrange delivery after order confirmation?,2025-08-15 11:50:05
Italy,1 day ago,Interested in Household appliances,https://www.tradewheel.com/buyers/interested-in-household-appliances/862029/,"I am sourcing household appliances for bulk purchase, preferably in energy-efficient models. Please confirm if you can offer warranty and spare parts availability. What is your standard lead time for shipment?",2025-08-15 11:50:05
Uzbekistan,1 day ago,Interested in Aluminum,https://www.tradewheel.com/buyers/interested-in-aluminum/862028/,"I require aluminum and other metal materials in sheet form, preferably with corrosion-resistant finish. Could you provide details on thickness options and surface treatment? Also, what are your usual packing methods for export?",2025-08-15 11:50:05
Spain,1 day ago,Interested in Solar inverter,https://www.tradewheel.com/buyers/interested-in-solar-inverter/862025/,"Hi, are there producers of solar inverters with reliable performance for residential and commercial systems? I’d like to know about capacities, warranties, and bulk availability.",2025-08-15 11:50:05
India,1 day ago,Interested In Epoxy Resin,https://www.tradewheel.com/buyers/interested-in-epoxy-resin/862024/,"Dear Sir, I am looking to purchase epoxy resin. The product should have strong bonding capabilities and excellent durability. Thank you.",2025-08-15 11:50:05
Nigeria,1 day ago,In need of Handbags from manufacturer,https://www.tradewheel.com/buyers/in-need-of-handbags-from-manufacturer/862023/,"Hi, are there manufacturers offering handbags in various materials and designs for wholesale supply? Interested in stylish yet durable options for different market segments.",2025-08-15 11:50:05
Pakistan,1 day ago,Interested In Black Tea,https://www.tradewheel.com/buyers/interested-in-black-tea/862022/,"Good day, We are seeking premium black tea. The tea must be fresh, aromatic and sourced from reputable plantations. Kind Regards.",2025-08-15 11:50:05
Vietnam,1 day ago,Buying LED Lights for resale,https://www.tradewheel.com/buyers/buying-led-lights-for-resale/862021/,"I’m collecting LED indoor lighting options for future installation projects, focusing on lumen output, style, and delivery time.",2025-08-15 11:50:05
Japan,1 day ago,Interested in LED Mirror,https://www.tradewheel.com/buyers/interested-in-led-mirror/862019/,I am looking for custom LED mirrors with adjustable light settings. Could you provide details on available shapes and delivery lead time?,2025-08-15 11:50:05
Republic of Türkiye,1 day ago,Searching for suppliers of Marbles,https://www.tradewheel.com/buyers/searching-for-suppliers-of-marbles/862018/,"I want to connect with suppliers offering marble in various finishes, from honed to glossy, with prompt delivery schedules.",2025-08-15 11:50:05
Qatar,1 day ago,Buying Cotton for resale,https://www.tradewheel.com/buyers/buying-cotton-for-resale/862016/,"I require dental cotton wool rolls in pure white, medical-grade quality. Can you confirm the available roll lengths and packaging options?",2025-08-15 11:50:05
India,1 day ago,Ready to buy Pet Products,https://www.tradewheel.com/buyers/ready-to-buy-pet-products/862013/,I need smart auto feeders and similar pet gadgets for cats and dogs. Please let me know your available capacities and power options.,2025-08-15 11:50:05
Kenya,1 day ago,Want to source Solar Freezers,https://www.tradewheel.com/buyers/want-to-source-solar-freezers/862011/,I need solar-powered freezers suitable for outdoor or off-grid use. Please share available storage capacities and how long they can maintain cooling without sunlight.,2025-08-15 11:50:05
Hong Kong,1 day ago,Looking for cat toys,https://www.tradewheel.com/buyers/looking-for-cat-toys/862009/,"Hello, We are looking to purchase cat toys. The materials must be safe, non-toxic, and durable for extended use. Kind Regards.",2025-08-15 11:50:05
Colombia,1 day ago,RFQ for 2-start ball screw,https://www.tradewheel.com/buyers/rfq-for-2-start-ball-screw/862007/,"I hope this message finds you well. Attached, you'll find a PDF with the general dimensions we need for the screw and nut. We're considering a 2-start ball screw, 4.76mm in diameter with a 5 mm lead, along with the corresponding nut.",2025-08-15 11:50:05
Saudi Arabia,1 day ago,RFQ for CRGO steel sheet,https://www.tradewheel.com/buyers/rfq-for-crgo-steel-sheet/862001/,We need CRGO steel sheet and coil roll for transformer. Attached the details Technology: Electroslag Shape: Roll Surface: POLISH Special Use: Wear Resistant Steel Surface treatment: Black Leather Delivery condition: Pre-harden (28-36HRC ) Tech...,2025-08-15 11:50:05
Argentina,1 day ago,RFQ for electric saws for woodworking,https://www.tradewheel.com/buyers/rfq-for-electric-saws-for-woodworking/861996/,We are looking to purchase electric saws for woodworking purposes. The saws must be in new condition and directly sourced from manufacturers. Product specifications: Application: Woodworking Condition: New Supplier type: Manufacturer Typ...,2025-08-15 11:50:05
Indonesia,1 day ago,Looking For Excavator Spare Parts,https://www.tradewheel.com/buyers/looking-for-excavator-spare-parts/861994/,"Hello, We are looking to source genuine heavy duty hitachi excavator spare parts. Our needs include hydraulic pumps, undercarriage parts, engine components.",2025-08-15 11:50:05
Pakistan,1 day ago,Looking For Selective Wave Soldering Machines,https://www.tradewheel.com/buyers/looking-for-selective-wave-soldering-machines/861993/,"Good day, We are looking to purchase selective wave soldering machines. The machines should support high-precision soldering for complex boards with minimal thermal stress.",2025-08-15 11:50:05
New Zealand,1 day ago,Looking for hot melt glue machines,https://www.tradewheel.com/buyers/looking-for-hot-melt-glue-machines/861983/,"Hello, We are sourcing hot melt glue machines. Please provide us with detailed specifications along with pricing. Thank you.",2025-08-15 11:50:05
Malaysia,1 day ago,Searching For Sunscreen,https://www.tradewheel.com/buyers/searching-for-sunscreen/861982/,Hi we are looking for sunscreen in Malaysia our requirement is 500 to 1000 pcs at the moment we are also interested in make up items Thank you,2025-08-15 11:50:05
Romania,1 day ago,Interested in car cameras,https://www.tradewheel.com/buyers/interested-in-car-cameras/861980/,"Good day, We are looking to purchase high-definition car cameras. Can you provide us with availability along with pricing? Kind Regards.",2025-08-15 11:50:05
Ecuador,1 day ago,Looking for bathroom accessories,https://www.tradewheel.com/buyers/looking-for-bathroom-accessories/861976/,"Good day, We are seeking bathroom accessory sets. The products must include towel bars, soap dishes and robe hooks. Kind Regards.",2025-08-15 11:50:05
China,1 day ago,Looking For Silicone Infant Food Containers,https://www.tradewheel.com/buyers/looking-for-silicone-infant-food-containers/861975/,"Good day, We are looking for BPA-free silicone infant food containers. Please provide us with sample availability, certifications and prices.",2025-08-15 11:50:05
Poland,1 day ago,Searching for ball screws,https://www.tradewheel.com/buyers/searching-for-ball-screws/861974/,"Hi there, We are sourcing high-precision ball screws. Please provide us with product details along with pricing. Kind Regards.",2025-08-15 11:50:05
Republic of Türkiye,1 day ago,Interested in electric saws,https://www.tradewheel.com/buyers/interested-in-electric-saws/861972/,"Hello, We are looking for high-performance electric saws. Interested suppliers should share product certifications and price lists.",2025-08-15 11:50:05
Georgia,1 day ago,Would like to buy strapping machines,https://www.tradewheel.com/buyers/would-like-to-buy-strapping-machines/861969/,"Dear Sir, I would like to purchase strapping machines. Kindly provide me with detailed specifications along with pricing. Thank you.",2025-08-15 11:50:05
India,1 day ago,Want To Source Steel Scrap,https://www.tradewheel.com/buyers/want-to-source-steel-scrap/861968/,"Good day, We are interested in purchasing large quantities of steel scrap. Interested sellers may send their best price offers and certifications.",2025-08-15 11:50:05
India,1 day ago,Interested In PCB Assembly SMT,https://www.tradewheel.com/buyers/interested-in-pcb-assembly-smt/861966/,We are seeking reliable suppliers for high-quality PCB Assembly SMT. Our requirements include precision surface mount technology with strict adherence to IPC standards.,2025-08-15 11:50:05
Philippines,1 day ago,Want to source hydraulic breakers,https://www.tradewheel.com/buyers/want-to-source-hydraulic-breakers/861965/,"Hello, We are currently sourcing heavy-duty hydraulic breakers. Please provide us with detailed specifications along with pricing. Thank you.",2025-08-15 11:50:05
Bulgaria,1 day ago,Searching for claw machines,https://www.tradewheel.com/buyers/searching-for-claw-machines/861964/,"Hello, We would like to purchase claw machines. The machines should have adjustable grip strength and coin acceptors.",2025-08-15 11:50:05
Morocco,1 day ago,Want to source electric grills,https://www.tradewheel.com/buyers/want-to-source-electric-grills/861963/,"Hello, We are currently sourcing electric grills. The products should be energy-efficient, easy to clean and safe to use. Thank you.",2025-08-15 11:50:05
Cyprus,1 day ago,Would like to buy judo mats,https://www.tradewheel.com/buyers/would-like-to-buy-judo-mats/861961/,"Good day, We are looking to purchase judo mats. Could you provide us with availability along with pricing? Kind Regards.",2025-08-15 11:50:05
Portugal,2 days ago,4-Tier Extendable Shoe Rack,https://www.tradewheel.com/buyers/4-tier-extendable-shoe-rack/862216/,I want to buy 4-Tier Extendable Shoe Rack from the exporter who can offer us reasonable price and quality.,2025-08-15 11:50:05
Iraq,2 days ago,Intending to buy Cocopeat,https://www.tradewheel.com/buyers/intending-to-buy-cocopeat/861971/,"Hello friend, I am seeking to purchase Cocopeat. Kindly give your best prices and other details.",2025-08-15 11:50:05
China,2 days ago,Looking to buy Aluminum Ingots,https://www.tradewheel.com/buyers/looking-to-buy-aluminum-ingots/861977/,"Hey there I have requirement for 30,000 MT of Aluminum Ingots for residential project. Need quotation and other details.",2025-08-15 11:50:05
Malaysia,2 days ago,Quote prices for Nitrile Gloves,https://www.tradewheel.com/buyers/quote-prices-for-nitrile-gloves/861978/,"Hello Sir/ Madam, I am in search of Nitrile Gloves. Please provide the details and price quotation.",2025-08-15 11:50:05
Rwanda,2 days ago,Immediate purchase - Hot Chili Pepper,https://www.tradewheel.com/buyers/immediate-purchase-hot-chili-pepper/861987/,"Hello, I am willing to procure Hot Chili Pepper. Share the price list as per ton and more details.",2025-08-15 11:50:05
Bangladesh,2 days ago,"Purchasing Yellow Corn, Yellow maize in bulk",https://www.tradewheel.com/buyers/purchasing-yellow-corn-yellow-maize-in-bulk/861990/,"Hi there, I require Yellow Corn, Yellow maize for OEM. Let me know the total cost including the delivery charges.",2025-08-15 11:50:05
Ukraine,2 days ago,Interested In Cosmetic Packaging,https://www.tradewheel.com/buyers/interested-in-cosmetic-packaging/861991/,"Good day, We are looking for premium-quality cosmetic packaging. Our requirement includes bottles, jars and tubes in various sizes and materials.",2025-08-15 11:50:05
Saudi Arabia,2 days ago,Buying Balanced Shaft Pump Mechanical Seal for export,https://www.tradewheel.com/buyers/buying-balanced-shaft-pump-mechanical-seal-for-export/861995/,"Hello dear, I would like to buy Balanced Shaft Pump Mechanical Seal. Share the details and price quotation along the shipping charges.",2025-08-15 11:50:05
Pakistan,2 days ago,Wish to buy Printing Inks,https://www.tradewheel.com/buyers/wish-to-buy-printing-inks/861999/,"Hello, I want to purchase Printing Inks. Let me know the price quotation and more details.",2025-08-15 11:50:05
Morocco,2 days ago,Urgently need Injection Molding Machines,https://www.tradewheel.com/buyers/urgently-need-injection-molding-machines/862005/,"Hello , Quote prices and share the proper details for buying Injection Molding Machines.",2025-08-15 11:50:05
Kenya,2 days ago,Bulk purchase inquire for Used Cooking oil,https://www.tradewheel.com/buyers/bulk-purchase-inquire-for-used-cooking-oil/862020/,"Hello dear, I am sourcing Used Cooking oil at competitive prices. Need quotes and other details.",2025-08-15 11:50:05
Reunion,2 days ago,Require OEM Coffee And Tea Sets,https://www.tradewheel.com/buyers/require-oem-coffee-and-tea-sets/862026/,"Hello, I am in search of Coffee And Tea Sets. Kindly send the price quotation and more information.",2025-08-15 11:50:05
South Africa,2 days ago,Quote prices for Barley,https://www.tradewheel.com/buyers/quote-prices-for-barley/862052/,"Hello, I am seeking for an reliable supplier who can supply the bulk quantity of Barley in reasonable prices.",2025-08-15 11:50:05
Iran,2 days ago,Require Board Making Machinery for OEM,https://www.tradewheel.com/buyers/require-board-making-machinery-for-oem/862054/,"Dear Sir/Madam, We are in need of Board Making Machinery for industrial use. Send the price quotation and full details.",2025-08-15 11:50:05
Pakistan,2 days ago,importing Fresh Potatoes - Need quotes,https://www.tradewheel.com/buyers/importing-fresh-potatoes-need-quotes/862055/,"Hello, I am intending to purchase Fresh Potatoes in bulk quantity. Let me know the prices and details.",2025-08-15 11:50:05
Philippines,2 days ago,Want to buy tons of Aluminum Scrap,https://www.tradewheel.com/buyers/want-to-buy-tons-of-aluminum-scrap/862056/,"Hello, We are looking to procure Aluminum Scrap. Suggest your best prices and other details.",2025-08-15 11:50:05
India,2 days ago,Searching for Aluminum Scrap,https://www.tradewheel.com/buyers/searching-for-aluminum-scrap/862060/,"Hey there, We are in need of Aluminum Scrap from manufacturer. Send the quotes and details for large scale purchase.",2025-08-15 11:50:05
South Africa,2 days ago,Quotation for Bee Pollen,https://www.tradewheel.com/buyers/quotation-for-bee-pollen/862066/,"Hello mate, We would like to purchase Bee Pollen. Share the price list and more information.",2025-08-15 11:50:05
Saudi Arabia,2 days ago,Rush order for Fish Meal – Contact ASAP,https://www.tradewheel.com/buyers/rush-order-for-fish-meal-contact-asap/862068/,Rush order for premium grade fish meal. Export-ready suppliers contact immediately with details.,2025-08-15 11:50:05
Nigeria,2 days ago,Planning bulk order of Uniform,https://www.tradewheel.com/buyers/planning-bulk-order-of-uniform/862070/,Planning bulk order of school and corporate uniforms. Reliable tailoring suppliers are required.,2025-08-15 11:50:05
Nigeria,2 days ago,Ready to place order for Palm Kernel Shell,https://www.tradewheel.com/buyers/ready-to-place-order-for-palm-kernel-shell/862072/,We are ready to place order for palm kernel shells. Interested in long-term supply contracts.,2025-08-15 11:50:05
Nigeria,2 days ago,Immediate purchase – White Mica,https://www.tradewheel.com/buyers/immediate-purchase-white-mica/862080/,Immediate purchase needed for high-quality white mica. Reliable miners and exporters please respond.,2025-08-15 11:50:05
Germany,2 days ago,Buying Microscopes for resale,https://www.tradewheel.com/buyers/buying-microscopes-for-resale/862089/,Buying laboratory microscopes for resale. Quality assurance and competitive pricing are expected.,2025-08-15 11:50:05
Pakistan,2 days ago,Require Phone for wholesale,https://www.tradewheel.com/buyers/require-phone-for-wholesale/862091/,Require branded mobile phones for wholesale purchase. Genuine distributors with stock kindly connect.,2025-08-15 11:50:05
Kenya,2 days ago,Ready to buy Octopus,https://www.tradewheel.com/buyers/ready-to-buy-octopus/862098/,We are ready to buy fresh and frozen octopus. Looking for HACCP-certified suppliers.,2025-08-15 11:50:05
Saudi Arabia,2 days ago,Want to source Iron Ore,https://www.tradewheel.com/buyers/want-to-source-iron-ore/862099/,We want to source high-quality iron ore. Reliable suppliers with export capacity are required.,2025-08-15 11:50:05
Bangladesh,2 days ago,Need Refined Soybean Oil urgently,https://www.tradewheel.com/buyers/need-refined-soybean-oil-urgently/862101/,Need refined soybean oil urgently in large quantities. Immediate supply required for distribution.,2025-08-15 11:50:05
South Africa,2 days ago,Would like to import Soya Beans,https://www.tradewheel.com/buyers/would-like-to-import-soya-beans/862103/,We would like to import premium grade soya beans. Exporters with competitive pricing please share offers.,2025-08-15 11:50:05
Uganda,2 days ago,Interested in Gemstones,https://www.tradewheel.com/buyers/interested-in-gemstones/862107/,Interested in purchasing precious and semi-precious gemstones. Verified suppliers kindly get in touch.,2025-08-15 11:50:05
Tajikistan,2 days ago,Looking for Water Pumps,https://www.tradewheel.com/buyers/looking-for-water-pumps/862108/,Sourcing reliable and efficient water pumps. Genuine suppliers are invited to submit quotations.,2025-08-15 11:50:05
Uzbekistan,2 days ago,Looking for continuous supply of Toothpaste,https://www.tradewheel.com/buyers/looking-for-continuous-supply-of-toothpaste/862110/,Looking for continuous supply of branded toothpaste. Long-term purchase commitments guaranteed.,2025-08-15 11:50:05
Azerbaijan,2 days ago,Rush order for Sewing Machines – Contact ASAP,https://www.tradewheel.com/buyers/rush-order-for-sewing-machines-contact-asap/862111/,Rush order placed for advanced sewing machines. Contact with best prices and delivery schedules.,2025-08-15 11:50:05
Colombia,2 days ago,Ready to place order for Apparel Stock,https://www.tradewheel.com/buyers/ready-to-place-order-for-apparel-stock/862113/,We are ready to place order for assorted apparel stock. Clearance and bulk lots are welcome.,2025-08-15 11:50:05
Philippines,2 days ago,Immediate purchase – Bamboo Fabric,https://www.tradewheel.com/buyers/immediate-purchase-bamboo-fabric/862115/,Immediate purchase required for eco-friendly bamboo fabric. Suppliers with stock available please quote.,2025-08-15 11:50:05
Bolivia,2 days ago,Urgent requirement of Horse Trailer,https://www.tradewheel.com/buyers/urgent-requirement-of-horse-trailer/862116/,Urgent requirement of durable horse trailers. Manufacturers with export capacity kindly respond.,2025-08-15 11:50:05
United Arab Emirates,2 days ago,Buying Aluminum Ingots for resale,https://www.tradewheel.com/buyers/buying-aluminum-ingots-for-resale/862117/,Buying high-grade aluminum ingots for resale. Competitive offers with guaranteed purity needed.,2025-08-15 11:50:05
France,2 days ago,Require Sunflower Oils for wholesale,https://www.tradewheel.com/buyers/require-sunflower-oils-for-wholesale/862118/,Require refined sunflower oils for wholesale distribution. Interested suppliers kindly send details.,2025-08-15 11:50:05
South Africa,2 days ago,Searching for suppliers of Fruits,https://www.tradewheel.com/buyers/searching-for-suppliers-of-fruits/862120/,Searching for suppliers of fresh seasonal fruits. Quality and timely delivery are our priorities.,2025-08-15 11:50:05
Egypt,2 days ago,Want to source Bicycle,https://www.tradewheel.com/buyers/want-to-source-bicycle/862122/,We want to source durable and stylish bicycles. Suppliers offering bulk deals kindly contact.,2025-08-15 11:50:05
Qatar,4 days ago,Floor Standing Shoe Shelf,https://www.tradewheel.com/buyers/floor-standing-shoe-shelf/862219/,Check out the attached photo. I need shoe self similar like this,2025-08-15 11:50:05
Armenia,6 days ago,Supermarket Trolley Cart with 4'' PU Wheels,https://www.tradewheel.com/buyers/supermarket-trolley-cart-with-4-pu-wheels/862222/,If you are a manufacturer who can offer us trolley cart for supermarkets. You are requested to contact us with proper introduction of your company.,2025-08-15 11:50:05
